header,sequence,label
1629|1|training,SLQKRGIVEQCCTSICS,1
309|1|training,MASPGSGFWSFGSEDGSGDS,1
1095|1|training,LQTLALNAARDP,1
454|1|training,EYVTLKKMREIIGWPGGSGD,1
37|0|training,FDEMEESSSHLPYI,0
131|0|training,HGNITLGEWYNQTKDLQQKF,0
80|0|training,LYGNEGCGWAGWLLSPRG,0
9|0|training,YPYYPGEARGAP,0
177|0|training,TMKVDDLIVHFNMTKAVEMV,0
1281|1|training,SKDQFEFALTAVAEEVNAILKA,1
183|0|training,PLSPPLRNTHPQAMQWNSTTF,0
180|0|training,KAAKKAAKAAKKAAKWAKKAA,0
192|0|training,KQRNRWEWRPDFKSKKVKISLPC,0
102|0|training,NCVKMLCTHTGTGQAITVTP,0
232|0|training,LEGEVNKIALLSTNKAVVSLSNGVSVLTSKVLD,0
77|1|training,EVTFEIDVNGILRVT,1
1152|1|training,KWCANPDWIHIDTTPFAGLV,1
104|0|training,EIWATLFKKATRQCRRGRIW,0
1741|1|training,SPTVMFPPQSVL,1
1116|1|training,AFIKATGKKEDE,1
132|0|training,YQDVNCTDVSTAIHADQLTP,0
62|1|training,LAKLSDGVAVLKVGG,1
198|0|training,KETPIRNEWGCRGETPIRNEWGCR,0
1580|1|training,DFRRKVNKCYRGRSCP,1
2060|1|training,LYQEPVLGPVRGPFPIIV,1
1303|1|training,KAMVALIDVFHQYSGREGDK,1
1860|1|training,MSKFLPLPLMFY,1
1647|1|training,LKICGFLQRTNSLEEKSRL,1
5|0|training,HRILMRIRAMMT,0
44|0|training,DLKYNPSRVEAFHRY,0
67|0|training,NNAKKTNVTLSKKRKRR,0
1560|1|training,PYDHARIKLKVESSPS,1
421|1|training,CDGERPTLAFLQDVM,1
155|0|training,MYNCSLQNGFTMKVDDLIVH,0
1346|1|training,NASVRAAFVHALGDLFQSISVLISALI,1
149|0|training,KQLSYCTDPLQIPLINYTFG,0
61|0|training,WLVFFVIFYFFRRRKK,0
1795|1|training,DPAQPNYPWTAVLVFRH,1
51|0|training,LSNTLAELYVREHLR,0
215|0|training,PPDTSLLPPVGLHLVVRLFLLRLSVH,0
191|0|training,ATAGWTFGAGAALQIPFAMQMAY,0
43|0|training,WVPKRPSVCTMTKWQ,0
1882|1|training,CAYQWQRPVDRIR,1
1639|1|training,NMYAMLIARYKMSPEVKEKG,1
724|1|training,TIDDGIFEVKATAGDTHLGG,1
235|0|training,HATCSLAFALATSVALATRNDLLLRWAAARDAQTILSKRDR,0
172|0|training,TGAWIEFGCHRNKSNLHTEA,0
126|0|training,FLYTAFAMQELGCNQNQFFC,0
120|0|training,NVQGKTGIQQLQKWEDWVRW,0
130|0|training,RRKKAAVALLPAVLLALLAP,0
96|0|training,MVDRGWGNHAGLFGKGSIV,0
57|0|training,DQYLESVKKIHKRLDV,0
236|0|training,VRLASHLRKLRKRLLRDADDLIRLQAEAFQARLKSWFEPLV,0
168|0|training,TLVDCIRNCIHKILGYTVIA,0
179|1|training,PIAKKWCANPDWIHI,1
69|0|training,AHWGVLAGIKYFSMVGNW,0
95|0|training,DVREEEQLGERATGLNLNI,0
1258|1|training,DRGEKPASPAVQPDAALQRLAAVL,1
1328|1|training,ANEYAYAKWKLCSASAICFIFMIAEVV,1
1660|1|training,IATQGPLSHTIADFWQMV,1
40|0|training,YYQANGGFLIAYQPL,0
125|0|training,VETTVTTAQETKRGRIQTKK,0
114|0|training,PPSAVCNYEVAEDPSYVREH,0
171|0|training,TRQCRRGRIWKRWNETITGP,0
1553|1|training,EGPPEPSRVSSVSSQFSD,1
70|0|training,SWRLDIWDWICESVLDFK,0
1772|1|training,PACCGPTISRPG,1
324|1|training,EYLYNIIKNREGYEMVFDGK,1
119|0|training,SGSWLRDIWDWICEVLSDFK,0
31|0|training,KKKKLVLPTLFFF,0
148|0|training,PTTFMLKYDENGTITDAVDC,0
50|0|training,RGILIHNTIFGEQVF,0
1153|1|training,HQVILGVIGGMLVAEAFEHT,1
214|0|training,FKCRRWQWRMKKLGAPSITCVRRAFA,0
320|1|training,ERANSVTWNPHKMMGVPLQC,1
112|0|training,GKINISLCLTGGKMLYNKVT,0
164|0|training,GVLLLILCLPTLVDCIRNCI,0
145|0|training,YEIIMDIEQNNVQGKTGIQQ,0
716|1|training,GLNVLRIINEPTAAAIAYGL,1
32|0|training,AKLKVVAATYVLKK,0
1348|1|training,LFQSISVLISALIIYFKPEYKIADPIC,1
1356|1|training,DGVLSVHSLHIWSLTMNQVILSAHVAT,1
1309|1|training,ECDFQEFMAFVAMVTTACHEFFEHE,1
717|1|training,IAYGLDRTGKGERNVLIFDL,1
706|1|training,MAKAAAVGIDLGTTYSCVGV,1
106|0|training,YKGYQPIDVVRDLPSGFNTL,0
58|1|training,KGDKAHIEKRIQEITEQLDI,1
94|0|training,RQMRAWGQDYQHGGMGYSC,0
3|0|training,NGESSADWAKN,0
2057|1|training,LVYPFPGPIPNSLPQNIPPLTQTPVVVPPF,1
88|0|training,ALHALGYQLAFVLDSPSAY,0
1583|1|training,KGVKEIDIAATLEHVRDQ,1
77|0|training,WVAVTPTVATRDGKLPTT,0
225|0|training,PPRTTPIPHLDVSLHLLILRILRVRVH,0
7|0|training,MSEALWTAWTQW,0
60|1|training,TAEAVVTEIPKEEKDPGMGA,1
189|0|training,FHCQRTQSQPGSWFRAISSWKQ,0
18|0|training,ACFPWGNTWCGGK,0
21|0|training,AKKQRFRHRNRKG,0
1352|1|training,LKDFSILLMEGVPKSLNYSGVKELILA,1
197|0|training,KYKETDLLILFKDDYFAKKNEERK,0
90|0|training,CSIELSDIPLSVDFNTMID,0
359|1|training,VSYQPLGDKVNFFRMVISNPAATHQDIDFLIEEIERLGQDL,1
30|0|training,ACFPWGKEYCGGK,0
352|1|training,ICKKYKIWMHVDAAWGGGLL,1
87|0|training,TDVILMCFSIDSPDSLENI,0
169|0|training,LLGGILGIGLGVLLLILCLP,0
126|1|training,VIAELKKQSKPVTTPEEIAQ,1
29|0|training,KKKKLLLPFYVFF,0
1671|1|training,KPTQAFVKQHLCGPHL,1
1247|1|training,SEHIWCEDFLVRSFYLKNVQ,1
57|1|training,RKGVITVKDGKTLNDELEII,1
27|0|training,TVSSGADTEDVVC,0
93|0|training,GYFVQDDGEWKFTGSSYYY,0
130|1|training,NPVEIRRGVMLAVDAVIAEL,1
14|0|training,FKPSSPPSITLW,0
1350|1|training,YFKPEYKIADPICTFIFSILVLASTIT,1
224|0|training,ALWMTLLKKVLKAAAKALNAVLVGANA,0
318|1|training,AALGIGTDSVILIKCDERGK,1
618|1|training,REIIGWPGGSGDGIFSPGGA,1
569|1|training,NMFTYEIAPVFVLLEYVTLKKMRE,1
227|0|training,FGGASCCLYCRCHIDHPNPKGFCDLKGKY,0
42|0|training,CIVEEVDARSVYPYD,0
322|1|training,CGRHVDVFKLWLMWRAKGTTG,1
327|1|training,SRLSKVAPVIKARMMEYGTT,1
1334|1|training,HLLIDLTSFLLSLFSLWLSSKPPSKRL,1
211|0|training,CCGCCYIAACARNNSNCSSHLECSTC,0
20|1|training,PENLEEILMHCETTLKYAIK,1
209|0|training,ALQELLGEYIQWLKDGGPSSGRPPPS,0
82|0|training,RRRSRNLGKVIDTLTCGF,0
49|0|training,DFRRLPGAFWQLRQP,0
1151|1|training,QLYHFLQIPTHEEHLFYVLS,1
206|0|training,CTEEHIVATELVIQEMYIKINVKNSP,0
707|1|training,SCVGVFQHGKVEIIANDQGN,1
982|1|training,VEQCCTSICSLYQLENYCN,1
157|0|training,PSSKRFQPFQQFGRDVSDFT,0
71|0|training,SWRLIDWDWICEVLSDFK,0
47|0|training,MTKWQEVDEMLRSEY,0
229|0|training,EERKKLGEEIKKEAEEAKKQIEETKKNDEE,0
711|1|training,LESYAFNMKSAVEDEGLKGK,1
40|1|training,SPSLWEIEFAKQLASV,1
1344|1|training,HQRCLGHNHKEVQANASVRAAFVHALG,1
135|1|training,EIIKRTLKIPAMTIAKNAGV,1
173|0|training,YLDRVDTWLQGKINISLCLT,0
92|0|training,CATCEQIADSQHRSHRQMV,0
205|0|training,KNEWGCRCNDSSDGNEWGCRCNDSSD,0
194|0|training,FLPVLAGIAAKVVPALFCKITKKC,0
169|1|training,TQYEAVATSNMQE,1
995|1|training,EAEDLQVGQVELGGGPGAGSLQPLALEGSLQ,1
725|1|training,THLGGEDFDNRLVNHFVEEF,1
1361|1|training,MHSLTIQMESPVDQDPDCLFCEDPCD,1
1320|1|training,MEFLERTYLVNDKAAKMHAFTLESVEL,1
1674|1|training,TLALEVARQKRGIVDQ,1
838|1|training,LALWGPDPAAAFVNQHL,1
1770|1|training,PGVGGPLGPIGPCTE,1
893|1|training,VCGERGFFYTPKTRREAEDLQVGQVELGGG,1
84|0|training,KWLCRIWSWISDVLDDFE,0
174|1|training,QVHVEMDVAKPDLTA,1
531|1|training,VDKCLELAEYLYNIIKNREG,1
175|0|training,GNTPNVSGANPVDCTMYSNK,0
176|0|training,HKILGYTVIAMPEVEGEEIQ,0
21|1|training,HGDTTFEYQDIPALDSLTPANED,1
144|0|training,GGKMLYNKVTKQLSYCTDPL,0
187|0|training,CNCTNSSSSYSGTKMACPSNRG,0
1354|1|training,SLNYSGVKELILAVDGVLSVHSLHIWS,1
62|0|training,GRTTLSTRGPPRGGPG,0
1305|1|training,KHKLKKSELKELINNELSHFLE,1
158|0|training,NIAGNWSCTSDLPSSWGYMN,0
166|0|training,QIQDPEIPKCGWWNQMAYYN,0
1662|1|training,KLSGLGADPSADATEAYQEL,1
1054|1|training,HLVERLYLVAGEEG,1
45|0|training,GTTVNCIVEEVDARS,0
162|0|training,FNMTKAVEMVNIAGNWSCTS,0
142|0|training,KSNVVRGWVFGSTMNNKSQS,0
74|0|training,DWLKAFYDKVAEKLKEAF,0
58|0|training,PLETLMAKAIDAGFIR,0
1357|1|training,TMNQVILSAHVATAASRDSQVVRREIA,1
39|1|training,EAKEKGFVPFLVSATAGTTV,1
117|1|training,MLRLPTVFRQMRPVSRVLAP,1
181|0|training,VLDLIYSLHKQINRGLKKIVL,0
313|1|training,KTGHPRYFNQLSTGLDMVGL,1
124|1|training,KAPGFGDNRKNQLKDMAIAT,1
35|0|training,DDSVVCAAMSYSYA,0
160|0|training,IGLKVEAMEKFLYTAFAMQE,0
681|1|training,GEALSTLVLNRLKVG,1
141|0|training,FWFTLIKTQAKQPARYRRFC,0
55|0|training,AKDLEVVTSTYVLVEA,0
1307|1|training,REGDKHKLKKSELKEL,1
1879|1|training,LPGERGRPGAPGP,1
221|0|training,FLAAARIAKRVAKKARKLAKRAARKRK,0
326|1|training,IPPSLRTLEDNEERMSRLSK,1
1233|1|training,PSLSYEPALLQPY,1
146|0|training,GWWNQMAYYNSCKWEEAKVK,0
200|0|training,MANAGLQLLGFILAFLGWIGAIVS,0
1235|1|training,GSFINISVVGPAL,1
713|1|training,PGPGGFGAQGPKGGSGSGPT,1
154|0|training,PNQTCMWNTSQIQDPEIPKC,0
1180|1|training,GAGSLQPLALEGSLQKRGIV,1
715|1|training,PFQVINDGDKPKVQVSYKGE,1
6|0|training,SVSVGMKPSPRP,0
190|0|training,LLDCWVRLGRYLLRRLKTPFTRL,0
8|0|training,KKKKYRNIRRPG,0
729|1|training,KEEIERMVQEAEKYKAEDEV,1
56|0|training,GQPEEGAPCQVVLQGA,0
89|0|training,GVFVFNGTSWFITQRNFFS,0
721|1|training,AEDEVQRERVSAKNALESYA,1
12|0|training,GQPSHDPVPPTT,0
182|0|training,TDAVDCSQNPLAELKCSVKSF,0
203|0|training,CKFCYGSAQCPTFLFIVRLLRFVWV,0
138|0|training,PVLQPALSLSCGPEPLLLSC,0
1100|1|training,KCNTATCATQRALNFLVRSS,1
644|1|training,DERGKMIPSDLERRILEAKQ,1
135|0|training,VSVIVPDYQCYLDRVDTWLQ,0
16|0|training,KKKKLVAAFYVLV,0
13|0|training,QMMLTLLWAFWY,0
134|1|training,GEVIVTKDDAMLLKGKGDKA,1
1759|1|training,IVQNNDSTEYGLF,1
115|0|training,VLYNSTFFSTFKCYGVSATK,0
46|0|training,RPEGQNYTEGIAVVF,0
81|0|training,PPATHTIADRNHTPFSDV,0
1|0|training,RTGRGRRGIYR,0
178|0|training,RFRIRCRWNVGSDTSLIDTC,0
1338|1|training,FGWHRAEILGALLSILCIWVVTGVLVYLACERLLYPDYQIQ,1
165|0|training,TKFPSVYAWERKKISNCVAD,0
38|0|training,YRWRGPTAAFLSLV,0
201|1|training,WYVMVTAALSYTISRMEESSVTL,1
35|1|training,CACDEKPCSCSKVDVNYAFL,1
91|0|training,MAVGLVLCDWWLGEYLLEA,0
137|0|training,FKLPLGINITNFRAILTAFS,0
575|1|training,SALLVREEGLMQNCNQMHAS,1
83|0|training,MANSGLQLLGFSMALLGW,0
179|0|training,LKAKTNISIREGPTLGNWAR,0
1324|1|training,QKPVNKDQCPRERPEELESGGMYHCHS,1
1234|1|training,LEILAEHVHMSSG,1
1332|1|training,GHIAGSLAVVTDAAHLLIDLTSFLLSL,1
574|1|training,GGLLMSRKHKWKLSGVERANSVTW,1
24|0|training,ILPWKWPWWPWRR,0
302|1|training,FIKIPTHAEPLFYLLSFC,1
177|1|training,EWVHIDTTPFASL,1
638|1|training,TAGTTVYGAFDPLLAVAD,1
100|0|training,DHILEPSIPWKSKLLTLVQL,0
4|0|training,FHRKKGRGKHK,0
615|1|training,YDLSYDTGDKALQCGRHVDV,1
63|0|training,RRKKLLPAVLLALLAP,0
213|0|training,FAVGLRAIKRALKKLRRGVRKVAKDL,0
55|1|training,DGVTVAKSIDLKDKYKNIGA,1
28|0|training,IFKAIWSGIKSLF,0
1571|1|training,DEGASLYHVYEVNLVSEH,1
52|0|training,YGYREGSHTEHTTYA,0
121|1|training,RSIAKEGFEKISKGANPVEI,1
1880|1|training,GPKGDRGLPGPPGRDG,1
54|1|training,TVIIEQSWGSPKVTKDGVTV,1
490|1|training,HTNVCFWYIPPSLRTLEDNE,1
1277|1|training,LAKEWQALCAYQAEPNTCATAQGEGNIK,1
131|1|training,LVLNRLKVGLQVVAVKAPGF,1
1413|1|training,LYPDYQIQAGIMIT,1
323|1|training,KGTTGFEAHVDKCLELAEYLYN,1
1552|1|training,GPEGAHGDTTFEYQDLCR,1
233|0|training,ARATCYCRTGRCATRESLSGVCEISGRLYRLCCR,0
136|0|training,PVDCTMYSNKMYNCSLQNGF,0
202|0|training,NILRLKESITATIEAVHEVTDGLS,0
25|0|training,KKKKVLAPTYVLV,0
2039|1|training,KAVPYPQRDMP,1
659|1|training,DSVILIKCDERGKMIPSDLE,1
231|0|training,LNLADATNFLQDSKAELEKARKILSEVGRWY,0
199|0|training,ECKFTVKPYLKRFQVYYKGRMWCP,0
719|1|training,AGGVMTALIKRNSTIPTKQT,1
1236|1|training,RSVLLTLVALAGV,1
101|0|training,VAGLRQSLEQYQVVKQPDYL,0
1342|1|training,SCAVAANIVLTVVLHQRCLGHNHKEVQ,1
127|0|training,EQVLKAVTNVLSPVFPGGET,0
48|0|training,AANGGPATPAPPPLG,0
143|1|training,WSKMDQLAKELTAE,1
36|0|training,ADKEVVAATYVKKK,0
321|1|training,QNCNQMHASYLFQQDKHYDL,1
113|0|training,GMVTQYHQVLATHQEAIEKV,0
708|1|training,DTERLIGDAAKNQVALNPQN,1
1126|1|training,QHLQKDYRAYYTF,1
210|0|training,CVTCKSTVLCDKMQHPCRRGPRCISC,0
1729|1|training,LKPTPEGDLEIL,1
2003|1|training,LAPSLPGKPKPD,1
188|0|training,LPRRLHLEPAFLPYSVKAHECC,0
311|1|training,LAFLQDVMNILLQYVVKSFDRS,1
99|0|training,VCYFMVFLQYGRKKRRQRR,0
2|0|training,ANVVATYPAHS,0
230|0|training,AVSPTTLRTEVVKTFRRDKPFPHRMDCVTT,0
1646|1|training,DTWCGVAHGCTRKLGLKICG,1
1359|1|training,ASRDSQVVRREIAKALSKSFTMHSLTIQMESPVD,1
39|0|training,CPPPTGATVVQFEQP,0
451|1|training,NMYAMMIARFKMFPEVKEKGMAALPRLIAFTSE,1
1756|1|training,LKGYGGVSLPE,1
34|0|training,EDCSTPSSGSFLDR,0
549|1|training,LIAFTSEHSHFSLKKGAAAL,1
1322|1|training,AKMHAFTLESVELQQKPVNKDQCPRER,1
624|1|training,SCSKVDVNYAFLHATDLLPA,1
733|1|training,GIVEQCCASVCSLYQ,1
1656|1|training,TGHMILAYMEDHLRNRDR,1
15|0|training,SKHSSLDCVLRP,0
1833|1|training,TQMVDEEIMEKFR,1
1279|1|training,KLKVESSPSRSDYINASPIIEHDP,1
1594|1|training,MALWMRLLPLLALLALWGPDPAAA,1
1363|1|training,FIFSILVLASTITILKDFSILLMEGVP,1
33|0|training,FDEMEECSQHLPYA,0
712|1|training,AEKDEFEHKRKELEQVCNPI,1
26|0|training,KKKKLVAPFLFFF,0
72|0|training,VATRDGKLPTTQLRRHID,0
722|1|training,VCNPIISGLYQGAGGPGPGG,1
110|0|training,SWSTLTANQNPSPPWSKLTY,0
571|1|training,EKGMAALPRLIAFTSEHSHFSLKK,1
128|1|training,QDAYVLLSEKKISSIQSIVP,1
1336|1|training,SLWLSSKPPSKRLTFGWHRAEILGALL,1
201|0|training,SISNALNKLEESNRNLDKVNVKLT,0
22|1|training,VLGGGVALLRVIPALDSLYPANED,1
728|1|training,LLLLDVAPLSLGLETAGGVM,1
200|1|training,LHRSGVLIIHHLQEDYRTY,1
153|0|training,HGLASTLTRWAHYNALIRAF,0
170|0|training,STLPETTVVRRRGRSPRRRT,0
2050|1|training,LSQSKVLPVPQK,1
125|1|training,KFGADARALMLQGVDLLADA,1
22|0|training,HGVSGHGQHGVHG,0
129|1|training,VTDALNATRAAVEEGIVLGG,1
734|1|training,AAAFVNQHLCGSHLVEALYLVCGERGFFYT,1
218|0|training,ESGRIKKEEFAEIMKICSTIEELRRQK,0
1256|1|training,LPGPSPAQLFQDSGLLYLAQE,1
207|0|training,GIGAVLKVLTTGLPALISWIKRKRQQ,0
824|1|training,FLPLLALLALWEPKPTQA,1
1289|1|training,DFWQMVWESGCTVIVMLTPLVEDGV,1
107|0|training,RGILRNWYNPFAGLRQSLEQ,0
1127|1|training,RVLNIDLLWSVPI,1
11|0|training,GSCDGFRVCYMH,0
1276|1|training,SRVSSVSSQFSDAAQASPSSHSSTPSWCE,1
123|1|training,LVIIAEDVDGEALSTLVLNR,1
184|0|training,TSSMRGVYYPDEIFRSDTLYL,0
718|1|training,VQKLLQDFFNGRDLNKSINP,1
234|0|training,YVTQQLIRAAEIRASANLAATKMSECVLGQSKRVDFCGKG,0
727|1|training,KANKITITNDKGRLSKEEIE,1
155|1|training,DTKVMKCVLEVISD,1
1881|1|training,PACGGFWISGRPG,1
228|0|training,TTVKVHASDERLGPMPCRPKEIVSSAGPVM,0
1680|1|training,GPGAGDLQTLALEVAQQK,1
120|1|training,NEEAGDGTTTATVLARSIAK,1
20|0|training,CATCQIADSHRSH,0
161|0|training,ALDKAEESNSKADKVNVKLT,0
1878|1|training,IPGDPGPPGPPGP,1
1245|1|training,LYHVYEVNLVSEHIWCEDFL,1
588|1|training,YVVKSFDRSTKVIDFHYPNE,1
98|0|training,FFIFPNYTIVSDFGRPNAA,0
710|1|training,RFEELCSDLFRSTLEPVEKA,1
151|0|training,SSCNMGWDTPACCVWFPYWV,0
1330|1|training,SAICFIFMIAEVVGGHIAGSLAVVTDA,1
129|0|training,AGAGTGATAIGMVTQYHQVL,0
68|0|training,TLKPIFKLPLGINITNFR,0
116|0|training,SGTKMACPSNRGILRNWYNP,0
59|0|training,RRKKWLVFFVIFYFFR,0
65|0|training,YQSTCSAVSKGYLSALR,0
222|0|training,WEIHHINKFAQAYSSYSRVIGGTVFVA,0
185|0|training,QLQKWEDWVRWIGNIPQYLKG,0
1876|1|training,GPVGPAGNPGANGLN,1
1655|1|training,PSWCEEPAQANMDISTGH,1
41|0|training,AELYVREHLREQSRK,0
1753|1|training,WLAHKALCSEKLDQ,1
1563|1|training,NASPIIEHDPRMPAYIAT,1
709|1|training,KRTLSSSTQASLEIDSLFEG,1
10|0|training,SVSVGTKPRPRP,0
123|0|training,SFYSVLFLWGTCGGFSHSWY,0
223|0|training,KKKKFVKKVAKKVKKVAKKVAKVAVAV,0
78|0|training,RGGRLCYCRRRFCVCVGR,0
204|0|training,FRFKIKFRLKFRFKARFKFRAKFRA,0
163|0|training,YNYKYRYLRHGKLRPFERDI,0
720|1|training,PAPGVPQIEVTFDIDANGIL,1
310|1|training,LLYGDAEKPAESGGSQPPRA,1
1855|1|training,HCPVPDPVRGL,1
226|0|training,AWLVHTQWFLDLPLPWLPGADTQGSNWI,0
1115|1|training,AFIEFKADEKKEDE,1
117|0|training,SNNTIAIPTNFSISITTEVM,0
2038|1|training,IVESLSSSEESITR,1
196|0|training,LVRDSMAKLRERLNQRQKLFESTQ,0
59|1|training,RTALLDAAGVASLLTTAEAV,1
